Top queries,Clicks,Impressions,CTR,Position
itech,38329,71579,53.55%,5.18
itech philippines,14647,21353,68.59%,1.05
pc builder,10150,88406,11.48%,10.15
pc builder ph,3515,15201,23.12%,2.32
pc builder philippines,2977,10344,28.78%,2.03
gaming laptop,2589,114212,2.27%,6.22
pc build,2433,33929,7.17%,6.19
build a pc,2429,16531,14.69%,6.11
itech cebu,2351,5410,43.46%,1.23
itech ph,2186,3868,56.51%,1.17
mechanical keyboard,1386,103690,1.34%,5.76
laptop finder,1352,25034,5.4%,14.02
lenovo loq,1334,111206,1.2%,6.61
build pc,1278,10243,12.48%,7.29
pc build philippines,1175,5510,21.32%,2.34
i tech,1123,5306,21.16%,14.44
gaming laptop philippines,1120,36331,3.08%,6.06
asus tuf,1020,69322,1.47%,5.65
hp laptop,999,121281,0.82%,7.35
nintendo switch price philippines,998,83476,1.2%,5.46
build a pc philippines,993,3603,27.56%,2.57
msi laptop,850,99895,0.85%,6.13
ps5 pro philippines,841,5484,15.34%,4.98
acer nitro v15,775,39233,1.98%,6.27
itech branches,736,1564,47.06%,1.67
rog phone price,730,12402,5.89%,4.6
nintendo switch,720,158397,0.45%,7.6
nintendo switch price,719,79700,0.9%,5.77
i tech philippines,718,1201,59.78%,1.01
i.tech philippines,702,1028,68.29%,1.01
msi thin 15,676,34667,1.95%,5.21
pcbuilder,666,13682,4.87%,11.34
acer aspire lite 15 ryzen 7,615,3817,16.11%,2.81
asus tuf a15,614,40196,1.53%,7.13
itech pc builder,606,736,82.34%,1.04
itech.ph,597,735,81.22%,1.11
asus tuf a15 price philippines,584,18482,3.16%,5.11
ps5 pro price philippines,545,27960,1.95%,5.27
asus tuf gaming a15,536,40325,1.33%,7.63
build pc philippines,536,2525,21.23%,2.69
tuf gaming laptop,526,32368,1.63%,5.59
pc builder website,518,4865,10.65%,17.48
msi gaming laptop,503,23661,2.13%,13.82
itech store,489,3436,14.23%,9.21
pc build ph,484,2543,19.03%,2.55
itechph,484,618,78.32%,1
budget gaming laptop philippines,464,6939,6.69%,4.8
rog laptop price,453,18086,2.5%,5.77
asus tuf price,450,4352,10.34%,3.73
monitor,443,173938,0.25%,6.86
lenovo gaming laptop,437,29048,1.5%,9.74
asus tuf gaming a15 price philippines,426,16450,2.59%,5.15
build your own pc,418,4407,9.48%,22.9
nintendo switch philippines,414,9695,4.27%,5.82
ps5 pro,406,41397,0.98%,7.8
hp laptop price philippines,402,88958,0.45%,8.15
laptop finder by specs,401,8070,4.97%,8.72
pcbuilder ph,379,1651,22.96%,2.2
steam deck oled price philippines,376,13359,2.81%,4.58
msi thin a15 specs,376,4114,9.14%,4.91
msi thin a15,362,17765,2.04%,6.27
external ssd,360,21137,1.7%,6.06
itech ps5,357,485,73.61%,1.06
budget gaming laptop,341,11431,2.98%,6.93
itech iloilo,337,1084,31.09%,2.53
build a pc ph,333,1534,21.71%,2.9
asus tuf gaming,330,22911,1.44%,6.86
msi gaming laptop price philippines,330,1964,16.8%,2.56
acer aspire lite al15-41p-r51n,329,4299,7.65%,4.55
laptop accessories,328,7011,4.68%,4.26
msi thin 15 b12uc,325,5477,5.93%,4.74
iphone 13 price philippines,321,238587,0.13%,7.47
steam deck philippines,317,9061,3.5%,6.87
itech pc build,315,398,79.15%,1.01
tuf gaming laptop price,313,3506,8.93%,3.73
asus tuf gaming f15,311,33126,0.94%,5.89
steam deck price philippines,310,46075,0.67%,6.87
pc building,308,4964,6.2%,13.38
asus zenbook,305,30146,1.01%,6.64
best budget gaming laptop philippines,301,5788,5.2%,6.11
gaming laptops,298,9970,2.99%,6.39
acer nitro v15 price philippines,296,16319,1.81%,6.37
ps5 games,294,46719,0.63%,9.51
rog phone 9 pro price philippines,294,29342,1%,7.51
i-tech,291,1951,14.92%,18.5
rog phone price philippines,289,9324,3.1%,5.95
asus tuf price philippines,289,3198,9.04%,3.6
lenovo loq 15,287,18646,1.54%,7.49
cheap gaming laptop philippines,285,3715,7.67%,4.06
build your own pc philippines,260,956,27.2%,1.89
itech sm pampanga,260,673,38.63%,2
nintendo switch philippines price,257,6002,4.28%,5.19
best gaming laptop philippines,255,8223,3.1%,6.06
acer aspire lite 15,254,16287,1.56%,5.84
rog phone 8 pro price philippines,252,11971,2.11%,5.08
acer gaming laptop,248,21056,1.18%,6.65
micro sd card,246,28455,0.86%,4.76
itech sm north,246,1294,19.01%,3.02
sd card,245,98998,0.25%,6.73
nitro v15,245,16444,1.49%,4.82
steam deck oled,244,29382,0.83%,8.46
philippines pc builder,244,889,27.45%,2.04
mechanical keyboard philippines,242,4100,5.9%,4.82
asus tuf gaming f15 price,238,12314,1.93%,5.73
jbl speaker price,236,70604,0.33%,7.1
asus phone,236,15338,1.54%,6.22
build your pc,236,2745,8.6%,22.02
external hard drive,233,24983,0.93%,6.96
laptop,232,43036,0.54%,11.2
rog phone,231,67557,0.34%,8.47
asus laptop,229,59099,0.39%,7.89
asus rog phone price,229,4568,5.01%,6.4
steam deck oled philippines,228,3062,7.45%,4.75
predator laptop,224,59098,0.38%,7.95
itech philippines branches,219,712,30.76%,2.93
asus tuf a16,216,8078,2.67%,6.11
asus tuf gaming price,214,2278,9.39%,4.14
iphone 13 128gb price philippines,212,79233,0.27%,6.49
asus tuf gaming laptop,212,8638,2.45%,6.46
rog 9 price,210,6605,3.18%,5.47
affordable gaming laptop,207,4929,4.2%,6.44
build pc online,205,4144,4.95%,29.84
ph pc builder,205,882,23.24%,2.76
ps5 price philippines,201,94867,0.21%,7.92
lenovo legion,200,25139,0.8%,7.74
pc,198,60151,0.33%,8.21
jbl speaker price philippines,196,20555,0.95%,5.22
lenovo loq price,195,4874,4%,4.28
hp laptop price,193,25003,0.77%,7.84
ps4 controller,193,22927,0.84%,8.39
i.tech,192,401,47.88%,2.52
msi thin,191,7359,2.6%,4.94
laptop philippines,190,8434,2.25%,11.07
pre built pc,190,3526,5.39%,4.88
itech steam deck,190,234,81.2%,1.24
hp victus 15 price philippines,188,12919,1.46%,6.3
gaming keyboard,187,16425,1.14%,6.3
affordable gaming laptop philippines,186,3222,5.77%,5.18
best gaming laptop,185,9440,1.96%,8.26
msi gaming laptop price,185,3865,4.79%,24.8
rog phone 9 price,184,5919,3.11%,5.1
tuf laptop price,184,2148,8.57%,3.61
acer nitro v15 specs,183,5330,3.43%,6.09
iphone 14 price philippines,182,82068,0.22%,7.31
nintendo switch price in sm,182,7618,2.39%,5.52
tuf laptop,179,10569,1.69%,4.94
itech ayala,177,658,26.9%,1.09
gaming laptop under 50k,176,3784,4.65%,7.71
tuf gaming,175,19043,0.92%,4.82
custom pc builder,175,3701,4.73%,48.74
pc build calculator,174,4407,3.95%,19.96
iphone 13 starlight,173,54863,0.32%,7.05
msi thin a15 b7ucx-084ph,173,7136,2.42%,5.78
hp laptops,171,8005,2.14%,7.07
rog phone price list,170,3450,4.93%,5.43
cheap gaming laptop,169,8097,2.09%,6.95
build my pc,169,2934,5.76%,33.69
rog 9 pro price philippines,167,16819,0.99%,7.35
asus tuf a15 specs,167,7659,2.18%,4.88
itexh,166,222,74.77%,1.69
gaming headset,165,11968,1.38%,6.64
laptop for gaming,164,10217,1.61%,6.39
asus rog phone 8 pro price philippines,164,8633,1.9%,4.74
best pc builder philippines,163,1125,14.49%,2.62
itech sm cebu,161,607,26.52%,1.12
pre built pc philippines,160,1989,8.04%,5.33
cheapest gaming laptop philippines,157,3271,4.8%,4.8
al15-41p-r51n,157,1467,10.7%,2.98
xbox series x philippines,157,1096,14.32%,6.64
jbl speaker,156,80196,0.19%,9.62
laptop finder philippines,156,291,53.61%,1.27
asus rog phone price philippines,155,3314,4.68%,5.42
itech bacolod,155,380,40.79%,1.68
iphone 13 price philippines 128gb,150,45087,0.33%,7.03
asus tuf laptop,149,5385,2.77%,6.3
intel arc b580 philippines,149,2011,7.41%,6.14
custom pc builder philippines,149,555,26.85%,1.76
itech website,149,257,57.98%,3.49
pc store philippines,148,2402,6.16%,8.36
pc maker,147,3386,4.34%,24.93
msi laptop i7,147,1886,7.79%,6.04
iphone 14 128gb price philippines,146,21957,0.66%,5.24
asus tuf dash f15,146,7950,1.84%,5.58
acer aspire lite 15 specs,145,4931,2.94%,3.85
laptop gaming,144,5470,2.63%,5.82
best noise cancelling headset with mic for working from home,144,3657,3.94%,6.87
asus tuf gaming a15 ryzen 7 price philippines,144,2049,7.03%,3.53
build pc ph,144,666,21.62%,2.93
best budget gaming laptop,143,5836,2.45%,8.12
itech sm seaside,143,459,31.15%,1.13
ryzen 5 5600g specs,141,11130,1.27%,5.77
msi thin 15 b12uc-1435ph,141,3613,3.9%,5.42
itech market market,141,577,24.44%,2.53
itech calamba,141,330,42.73%,1.86
pink monitor,140,2521,5.55%,12.45
laptop specs finder,138,993,13.9%,6.6
custom pc,137,1338,10.24%,27.82
rog ally x philippines,136,3493,3.89%,7
asus tuf gaming price philippines,135,1357,9.95%,3.49
gaming pc build philippines,135,823,16.4%,2.35
iphone 13,134,102153,0.13%,5.47
gaming laptops philippines,134,2367,5.66%,5.38
xbox series x price philippines,133,4609,2.89%,6.53
laptop finder specs,133,394,33.76%,4.17
hdmi splitter,132,16852,0.78%,5.81
build your pc philippines,132,560,23.57%,2.92
msi laptop price,131,17274,0.76%,9.62
asus rog philippines,131,3373,3.88%,4.57
msi vector 16 hx ai,131,1731,7.57%,4.57
rog phone price philippines 2024,131,907,14.44%,2.35
gaming headphones,130,6929,1.88%,7.03
asus tuf f16 price philippines,130,1670,7.78%,5.53
laptop price philippines,129,38814,0.33%,9.22
computer builder,128,1627,7.87%,33.25
itech sm bf,128,636,20.13%,3.15
ps5,127,60081,0.21%,7.76
hp victus,127,14268,0.89%,8.36
msi thin a15 price philippines,127,1458,8.71%,2.69
mouse pad,126,39944,0.32%,6.16
lenovo loq price philippines,126,9375,1.34%,5.81
i-tech philippines,126,245,51.43%,1.02
tuf gaming laptop price philippines,125,778,16.07%,2.93
nintendo switch oled price philippines,123,20359,0.6%,8.05
rog 8 pro price philippines,123,6415,1.92%,4.73
asus tuf gaming a15 specs,123,5486,2.24%,5.19
awd ups,122,3486,3.5%,2.89
vga to hdmi,121,43163,0.28%,2.54
iphone 13 white,121,31036,0.39%,6.63
gaming pc philippines,121,2679,4.52%,7.52
itech laptop,121,621,19.48%,4.81
ps5 philippines,120,7138,1.68%,9.83
laptop comparison,120,4940,2.43%,6.11
best gaming laptop under 50k,120,1385,8.66%,15.48
asus tuf gaming laptop price,120,1079,11.12%,5.91
asus tuf a15 ryzen 7 rtx 2050,120,853,14.07%,6.68
macbook air m1 price philippines,119,27455,0.43%,9.66
steamdeck price ph,119,20381,0.58%,6.85
acer al15-41p-r51n,119,1515,7.85%,3.27
itech pampanga,118,222,53.15%,1.6
gaming laptop price,117,9671,1.21%,8.8
playstation philippines,117,7136,1.64%,7.48
rog philippines,117,5949,1.97%,4.51
ipad price philippines,116,26945,0.43%,10.19
asus rog phone,116,16465,0.7%,8.02
laptop specs,116,12293,0.94%,6.43
wireless gaming headset,116,4303,2.7%,6.82
asus vivobook go 15 specs,115,5117,2.25%,5.82
asus tuf laptop price philippines,115,1336,8.61%,3.5
prebuilt pc philippines,114,1898,6.01%,7.12
itech pc,114,328,34.76%,3.4
asus rog phone 9 pro price philippines,113,18366,0.62%,7.64
jbl price philippines,113,10527,1.07%,5.21
switch price,113,10508,1.08%,4.89
msi laptops,112,5847,1.92%,7.42
pc build checker,112,2829,3.96%,10.86
gaming laptop ph,112,1437,7.79%,5.54
ps5 30th anniversary controller,112,818,13.69%,7.24
ps5 pro ph,111,845,13.14%,5.22
aspire lite 15,110,9777,1.13%,5.29
ssd external hard drive,110,6375,1.73%,6.12
asus tuf gaming a16,110,4764,2.31%,6.45
itech festival mall,110,656,16.77%,2.99
external hard drive 1tb,107,9815,1.09%,5.8
asus tuf a16 price philippines,107,5823,1.84%,5.79
wireless mechanical keyboard,107,1971,5.43%,4.68
pc build for gaming,107,1448,7.39%,4.88
best gaming headset philippines,107,846,12.65%,2.51
lenovo loq 4050,105,2431,4.32%,10.13
airpods pro 3 philippines,105,2098,5%,6.35
gaming mouse,104,15545,0.67%,8.86
best laptop for gaming,104,6626,1.57%,7.86
asus tuf dash f15 price philippines,104,1827,5.69%,3.62
jbl speakers price original,103,20938,0.49%,6.79
apple tablet,103,11454,0.9%,5.76
gaming earphones,103,6157,1.67%,13.03
msi thin 15 price philippines,103,1853,5.56%,2.97
computer build,103,1357,7.59%,6.35
asus tuf f15 price philippines,102,8395,1.22%,6.15
jbl speaker price in philippines,102,4058,2.51%,4.43
msi a15 thin specs,102,731,13.95%,3.25
cheapest gaming laptop,101,3806,2.65%,6.6
pc builder online,101,3570,2.83%,35.33
acer aspire go 15,101,1829,5.52%,5.48
iphone 14,100,101514,0.1%,9.03
hp victus 15,100,22676,0.44%,7.2
nintendo philippines,100,8069,1.24%,5.52
msi thin 15 b12uc specs,100,4015,2.49%,6.45
pc builder website ph,100,256,39.06%,2.01
msi laptop price philippines,99,7679,1.29%,7.58
asus tuf gaming laptop price philippines,99,1881,5.26%,3.58
ryzen laptop,98,10516,0.93%,6.82
pc build online,98,2774,3.53%,40.15
asus tuf a15 ryzen 7 price philippines,98,1252,7.83%,3.72
pc case,97,23039,0.42%,6.68
msi a15 thin,97,2193,4.42%,4.47
lenovo loq i5 13th gen rtx 4050,97,1100,8.82%,5.36
itech store locations,97,357,27.17%,5.57
headset,96,60623,0.16%,3.34
ps5 controller,96,37115,0.26%,8.15
rog phone prices,96,824,11.65%,4.2
asus tuf gaming f15 price philippines,95,9595,0.99%,6.33
asus tuf philippines,95,1060,8.96%,3.35
itech near me,95,406,23.4%,5.63
lenovo legion 5 price philippines,94,24864,0.38%,6.48
acer swift 3,94,7506,1.25%,6.32
hdmi to vga,93,35518,0.26%,2.21
mechanical keyboard brands,93,3607,2.58%,8.41
asus rog price,93,3271,2.84%,5.29
rog 10 pro price,93,1205,7.72%,3.89
acer nitro v15 rtx 2050 specs,93,813,11.44%,5.86
asus phones,92,4880,1.89%,5.75
custom pc philippines,92,286,32.17%,1.41
iphone 13 midnight color,90,16986,0.53%,3.8
custom build pc,90,932,9.66%,25.61
pre built gaming pc philippines,90,872,10.32%,5.04
195949052644,90,226,39.82%,1.17
tuf a15,89,10248,0.87%,6.88
switch price philippines,89,9050,0.98%,5.51
pc store,89,2419,3.68%,8.79
acer aspire lite ryzen 7,89,1089,8.17%,5.22
pc building philippines,89,311,28.62%,2.23
itech sm calamba,89,238,37.39%,2.28
iphone 13 black,88,19412,0.45%,3.35
rog phone 9 price philippines,88,8292,1.06%,7.03
msi cyborg 15 specs,88,3330,2.64%,5.95
i tech store,87,1055,8.25%,10.78
itech glorietta,87,180,48.33%,1.54
steam deck oled price,86,9655,0.89%,7.68
1tb sd card,86,5063,1.7%,6.1
rog phones,86,4587,1.87%,6.52
msi thin 15 b13ve-1831ph,86,3503,2.46%,6.26
itech iphone,86,683,12.59%,7.44
secure ups,85,7249,1.17%,4.93
msi katana 15,85,7122,1.19%,8.85
oled monitor,85,6012,1.41%,6.85
msi katana 15 price philippines,85,4492,1.89%,5.83
msi cyborg 15 a13v specs,85,4195,2.03%,6.36
asus tuf a15 ryzen 7,85,4102,2.07%,7.54
custom pc build,85,1678,5.07%,52.66
asus tuf gaming f16 price philippines,85,984,8.64%,5.7
itech warranty,85,193,44.04%,3.13
cheapest ipad price philippines,84,14089,0.6%,8.43
hdmi to vga adapter,84,11227,0.75%,3.29
msi thin 15 b12ucx,84,3465,2.42%,5.59
nintendo switch ph,84,3297,2.55%,6.29
asus rog laptop price,84,2673,3.14%,6.27
msi claw a8,84,2615,3.21%,6.95
gaming pc build,83,11851,0.7%,3.97
msi katana,83,9909,0.84%,8.28
best mechanical keyboard philippines,83,2908,2.85%,6.2
nintendo switch price philippines 2024,83,2301,3.61%,5.18
msi i7,83,877,9.46%,4.82
asus tuf prices,83,241,34.44%,2.54
rog phones price philippines,82,857,9.57%,4.9
loq lenovo,81,11593,0.7%,6.06
wireless headset,81,3587,2.26%,6.33
msi i7 laptop,81,1298,6.24%,16.87
msi thin a15 b7ucx-084ph review,80,1315,6.08%,5.3
best laptop for teachers 2025,80,933,8.57%,5.35
lenovo loq rtx 4050,79,2210,3.57%,8.45
aspire lite 15 ryzen 7,79,1204,6.56%,4.12
pre built gaming pc,79,1072,7.37%,5.42
build pc online philippines,79,264,29.92%,2.43
iphone 15,78,85762,0.09%,6.47
ergonomic mouse,78,30989,0.25%,6.21
legion go,77,15906,0.48%,8.58
msi philippines,77,14977,0.51%,6.52
prebuilt pc,77,2001,3.85%,7.33
msi laptop i5,77,1315,5.86%,11.67
pc builder with price,77,294,26.19%,9.4
itech online store,77,280,27.5%,5.06
laptop comparison philippines,77,242,31.82%,3.74
webcam,76,54216,0.14%,5.86
iphone 13 midnight,76,39862,0.19%,4.2
nintendo switch lite price philippines,76,17832,0.43%,8.35
32 inch monitor,76,2950,2.58%,6.22
asus rog price philippines,76,2795,2.72%,6.08
asus rog,75,17445,0.43%,7.19
acer nitro v 15,75,5497,1.36%,7.49
asus tuf a14 price philippines,75,2834,2.65%,6.53
jbl speaker philippines price,75,2510,2.99%,4.65
pc shop philippines,75,1659,4.52%,7.63
playstation 5 pro philippines,75,370,20.27%,5.54
itech monitor,75,130,57.69%,2.65
nintendo switch 2 price philippines,74,27184,0.27%,7.8
motherboard price,74,17137,0.43%,6.31
hp envy x360 price philippines,74,11427,0.65%,5.84
msi cyborg 15 price philippines,74,4491,1.65%,5.42
laptop search by specs,74,2534,2.92%,10.96
msi i7 laptop price philippines,74,1733,4.27%,4.2
pc building website,74,1266,5.85%,43.7
msi thin 15 b12uc-1435ph review,74,881,8.4%,4.42
msi gaming laptop philippines,74,510,14.51%,3.55
itech dumaguete,74,348,21.26%,3.21
ipad 9th gen price philippines,73,13062,0.56%,7.62
asus rog phone 9 pro price,73,8203,0.89%,6.94
cpu price philippines,73,7997,0.91%,5.87
jbl speaker price philippines original,73,6459,1.13%,6.22
gaming pc,73,5551,1.32%,19.44
secure ups 1000va manual,73,210,34.76%,2.53
video card,72,16102,0.45%,7.82
online tech store philippines,72,3389,2.12%,3.52
laptop finder tool,72,1664,4.33%,9.3
rog ally x,71,10033,0.71%,9.06
microsd card,71,7561,0.94%,4.67
best budget gaming headset philippines,71,2545,2.79%,4.13
lenovo loq 15irx9 83dv00e8ph,71,2046,3.47%,7.16
lenovo loq philippines,71,1520,4.67%,6.21
30th anniversary ps5 controller,71,688,10.32%,5.83
asus tuf a15 rtx 2050,71,676,10.5%,6.16
pc builds philippines,71,517,13.73%,3.32
itecg,71,227,31.28%,4.59
itech ayala cebu,71,225,31.56%,1.15
flash drive,70,56411,0.12%,5.74
asus rog phone 9 pro,70,18049,0.39%,6.68
asus laptop price philippines,70,15739,0.44%,9.44
asus vivobook 16 price philippines,70,10349,0.68%,7.33
atx motherboard,70,9286,0.75%,7.01
asus rog phone 8 pro price,70,4098,1.71%,7.02
pc philippines,70,3018,2.32%,8.4
asus tuf gaming f15 specs,70,2053,3.41%,4.02
gpu philippines,70,742,9.43%,5.28
asus tuf gaming a15 ryzen 7 rtx 2050,70,254,27.56%,3.15
iphone,69,25823,0.27%,11.8
external ssd 1tb,69,3473,1.99%,6.06
macbook installment,69,2329,2.96%,6.33
gaming laptop philippines under 50k,69,1272,5.42%,6.16
tuf gaming price,69,608,11.35%,4.39
asus philippines,68,12695,0.54%,7.85
iphone 13 128gb specs,68,4811,1.41%,4.5
build a pc online,68,2787,2.44%,44.55
itech stores,68,196,34.69%,6.96
rog phone 8 pro price,67,3705,1.81%,6.37
hyperx cloud 3 wireless,67,3303,2.03%,10.39
micro sd card price philippines,67,1052,6.37%,3.26
pc builders,67,515,13.01%,21.39
controller,66,34099,0.19%,6.74
rog phone 9 pro,66,14049,0.47%,6.99
coolman spectra,66,8056,0.82%,4.39
ram price philippines,66,7224,0.91%,4.84
sd card price philippines,66,3389,1.95%,4.63
computer store philippines,66,1396,4.73%,9.41
laptop spec finder,66,785,8.41%,8.26
msi thin 15 b12uc-2601ph,66,281,23.49%,2.05
pc build price philippines,66,266,24.81%,2.12
computer monitor,65,12409,0.52%,8.25
intel arc b580,65,5032,1.29%,8.62
asus tuf gaming a15 price,65,4578,1.42%,6.85
gaming headset with noise cancellation,65,2878,2.26%,8.28
asus tuf a14,65,1383,4.7%,6.86
itech online,65,128,50.78%,4.82
asus zenbook 14,64,12579,0.51%,9.99
acer nitro v15 rtx 2050,64,4438,1.44%,7.3
steamdeck philippines,64,4238,1.51%,8.01
gaming mouse pad,64,2144,2.99%,4.44
headset with noise cancelling microphone,64,1314,4.87%,4.81
steam deck oled ph,64,610,10.49%,4.22
best noise cancelling headset with mic for working from home philippines,64,430,14.88%,3.27
lenovo ideapad 3,63,16505,0.38%,7.92
jbl bluetooth speaker price list,63,13277,0.47%,7.31
steamdeck oled,63,7904,0.8%,8.98
msi vector 16,63,1291,4.88%,7.12
itech piso wifi,63,370,17.03%,1.36
philippine pc builder,63,141,44.68%,1.82
iphone 13 starlight color,62,15763,0.39%,4.62
ps5 pro price,62,10915,0.57%,6.57
acer nitro v,62,9091,0.68%,8.11
tuf gaming a15,62,8204,0.76%,6.88
portable speaker with microphone,62,4443,1.4%,5.78
dualsense 30th anniversary,62,631,9.83%,7.43
hp 14 ep0263tu specs,62,461,13.45%,2.86
rog ally x price philippines,61,13130,0.46%,8.18
pc monitor,61,10682,0.57%,8
rog 9 price philippines,61,3851,1.58%,6.52
msi thin 15 specs,61,3716,1.64%,4.59
msi cyborg 15 a13v,61,3457,1.76%,5.68
wireless headset with noise cancelling microphone,61,2226,2.74%,5.68
asus tuf a15 specs ryzen 7,61,917,6.65%,4.25
asus tuf laptop price,61,377,16.18%,4.05
meta quest 3 price philippines,60,7340,0.82%,5.83
laptops,60,6729,0.89%,17.38
acer ka252q,60,5122,1.17%,7.64
rog 8 pro price,60,4156,1.44%,6.01
acer nitro v15 price,60,3236,1.85%,6.3
ps4 controller price philippines,60,3128,1.92%,7.46
laptop search,60,3037,1.98%,27.37
2tb flash drive,60,2283,2.63%,3.17
asus tuf f16,60,1981,3.03%,7.18
legion go philippines,60,884,6.79%,6.52
pc stores philippines,60,768,7.81%,7.77
keyboard,59,48599,0.12%,9.13
tuf,59,15895,0.37%,5.31
asus tuf f15,59,6032,0.98%,7.49
tuf a16,59,2412,2.45%,5.77
steam deck oled price ph,59,1571,3.76%,4.47
asus tuf a15 rtx 4050,59,998,5.91%,6.37
gaming headset philippines,59,508,11.61%,2.46
awp ups,58,6971,0.83%,5.62
acer nitro v16,58,5269,1.1%,8.47
asus rog 9 pro price philippines,58,4101,1.41%,7.31
asus tuf a15 price,58,4078,1.42%,7.34
monitors,58,3877,1.5%,6.63
msi cyborg 15 a12ucx-1298ph,58,3662,1.58%,8.3
external hard drive price philippines,58,2521,2.3%,6.08
mechanical keyboard wireless,58,1316,4.41%,5.43
hp victus 15-fa1447tx,58,934,6.21%,5.34
hdmi to displayport,57,10754,0.53%,6.33
portable ssd,57,6024,0.95%,7.01
asus tuf gaming a15 ryzen 7,57,5463,1.04%,7.84
rog ph,57,4432,1.29%,5.44
nintendo switch price in philippines,57,3688,1.55%,6.54
portable speaker with wireless microphone,57,2436,2.34%,5.61
xbox series x,57,2349,2.43%,11.89
pc build website,57,1361,4.19%,44.56
computer build for gaming,57,351,16.24%,5.75
ps5 price,56,32150,0.17%,6.27
asus rog laptop price philippines,56,5622,1%,8.18
asus tuf gaming a16 price philippines,56,2854,1.96%,5.36
laptop picker,56,2192,2.55%,10.25
jbl price in philippines,56,2168,2.58%,4.69
acer ka252q g0bi,56,1966,2.85%,6.23
flash drive 1tb,56,1688,3.32%,4.85
acer aspire lite al15-41p-r51n specs,56,987,5.67%,2.77
acer aspire lite 14 i5 price philippines,56,720,7.78%,4.37
noise cancelling headphones with mic philippines,56,547,10.24%,6.35
lenovo loq 15irx9 rtx 4050,56,426,13.15%,6.54
itech contact number,56,128,43.75%,4.24
iphone 14 price philippines 128gb,55,8077,0.68%,5.89
noise cancelling headphones with mic,55,8001,0.69%,8.49
how much is nintendo switch,55,6865,0.8%,5.15
where to buy steam deck philippines,55,1471,3.74%,6.38
gaming headset wireless,55,1150,4.78%,4.26
msi i5,55,577,9.53%,4.12
mid range gaming laptop philippines,55,416,13.22%,3.63
ps5 slim,54,10120,0.53%,9.49
nitro v15 price,54,5564,0.97%,6.8
gaming laptop price philippines,54,4614,1.17%,7.98
asus gaming phone,54,4288,1.26%,9.82
external hard drive price,54,2834,1.91%,5.33
mechanical gaming keyboard,54,1391,3.88%,4.62
find laptop by specs,54,1075,5.02%,16.8
asus tuf a15 4050,54,747,7.23%,6.35
anv16-71-524u,54,715,7.55%,3.75
ergonomic mouse philippines,54,374,14.44%,2.76
tuf laptop price philippines,54,289,18.69%,2.87
macbook air m2,53,45465,0.12%,7.16
iphone 13 midnight blue,53,17248,0.31%,2.34
rog laptop,53,9025,0.59%,8.92
nintendo switch price ph,53,3010,1.76%,5.3
pc parts philippines,53,2052,2.58%,10.24
msi gaming laptop i7,53,1408,3.76%,17.88
1tb sd card price philippines,53,1259,4.21%,3.58
pc part picker philippines,53,1062,4.99%,6.98
rog xbox ally x philippines,53,494,10.73%,7.18
asus zenbook 14 price philippines,52,6794,0.77%,7.57
gpu price philippines,52,5843,0.89%,6.75
lenovo loq 83dv00e8ph,52,1620,3.21%,6.71
asus phone price,52,1189,4.37%,6.89
best noise-cancelling headphones with mic for working from home philippines,52,534,9.74%,5.18
asus tuf a18 price philippines,52,463,11.23%,3.6
asus tuf gaming a15 ryzen 7 rtx 4050,52,340,15.29%,5.22
asus,51,25310,0.2%,7.23
headset with microphone,51,7518,0.68%,7.19
hp laptop philippines,51,5418,0.94%,7.88
laptop ph,51,2525,2.02%,11.37
steam deck ph,51,2386,2.14%,7.72
msi claw,50,8414,0.59%,8.65
cpu price,50,8035,0.62%,7.13
monitor price philippines,50,6866,0.73%,8.1
online pc builder,50,3516,1.42%,47.75
asus phone price philippines,50,3494,1.43%,6.47
jbl speaker philippines,50,2805,1.78%,4.57
lenovo loq 15irx9 specs,50,2739,1.83%,7.61
aspire lite 15 specs,50,2365,2.11%,3.53
msi cyborg 15 a13vf-433ph,50,1286,3.89%,5.16
best laptop for teachers,50,1256,3.98%,21.44
rog latest phone price,50,1059,4.72%,4.39
rog 10 pro price philippines,50,1054,4.74%,4.78
rog phone philippines,50,933,5.36%,5.88
pc build price,50,807,6.2%,23.67
asus tuf 4050,50,562,8.9%,5.64
rog phone philippines price,50,489,10.22%,4.27
i tech cebu,50,166,30.12%,1.17
starlight iphone 13,49,36076,0.14%,4.06
monitor computer,49,16461,0.3%,6.8
nintendo switch v2 price philippines,49,5748,0.85%,7.65
nitro v15 specs,49,4757,1.03%,6.48
rog phone 9 pro price,49,3997,1.23%,6.47
ryzen gaming laptop,49,3443,1.42%,21.28
rx 7600 xt price philippines,49,2698,1.82%,5.71
best flash drive brand,49,1483,3.3%,4.72
lenovo legion go philippines,49,898,5.46%,8.11
hp laptop 14-ep0263tu,49,847,5.79%,4.91
xbox series s philippines,49,771,6.36%,7.7
msi thin 15 b12uc-1435ph specs,49,730,6.71%,4.61
external ssd 2tb,49,622,7.88%,4.01
rog ally price philippines,48,7054,0.68%,7.33
ryzen 7 laptop,48,5033,0.95%,8.49
cheapest rog phone,48,3001,1.6%,6.49
asus rog ph,48,2078,2.31%,4.7
sd card 1tb,48,2048,2.34%,4.14
asus rog phone 9 price,48,1730,2.77%,5.39
mid range gaming laptop,48,1330,3.61%,8.02
aspire go 15,48,1043,4.6%,5.76
3d pc builder,48,995,4.82%,9.72
hp pavilion plus 14 price philippines,48,939,5.11%,5.19
best headset with noise cancelling microphone philippines,48,433,11.09%,4.04
itech locations,48,398,12.06%,12.11
haiteku digital village,48,238,20.17%,1.74
build pc for gaming,48,159,30.19%,3.93
asus tuf price list,48,142,33.8%,2.72
vga to hdmi adapter,47,17958,0.26%,3.8
lenovo legion go price philippines,47,7262,0.65%,7.62
asus zenbook a14 price philippines,47,5547,0.85%,5.99
gigabyte laptop,47,5506,0.85%,8.44
hp laptops philippines,47,2297,2.05%,6.37
oled monitor philippines,47,1743,2.7%,7.52
asus rog 8 pro price philippines,47,1732,2.71%,4.81
hp pavilion plus 14,47,1644,2.86%,6.83
lenovo loq 15iax9 83gs002aph,47,1414,3.32%,5.98
asus tuf gaming a16 fa607nug-rl118wsm,47,1307,3.6%,5.52
budget gaming headset,47,1282,3.67%,7.34
best gaming laptop 2025 philippines,47,1136,4.14%,8.84
rog cellphone price,47,826,5.69%,4.63
msi i5 laptop,47,738,6.37%,10.72
asus tuf a18 price,47,257,18.29%,3.72
ps5 slim price philippines,46,9195,0.5%,7.99
gaming monitor,46,6020,0.76%,11.12
mouse pad gaming,46,2778,1.66%,4.69
tuf a15 specs,46,2077,2.21%,4.88
pc builder simulator online,46,1400,3.29%,18.94
asus tuf gaming f16,46,1398,3.29%,6.95
rog ally philippines,46,1211,3.8%,7.03
external hard drive 2tb,46,1203,3.82%,5.59
laptop searcher,46,988,4.66%,8.83
micro sd card 1tb,46,808,5.69%,3.28
asus tuf a15 rtx 3050,46,516,8.91%,6.45
laptop finder tool by specs,46,496,9.27%,7.34
budget gaming headset philippines,46,373,12.33%,2.73
tech store philippines,46,289,15.92%,3.38
hp victus i5 12th generation rtx 4050,46,235,19.57%,5.25
custom pc build philippines,46,112,41.07%,1.34
how much is nintendo switch in philippines,45,12466,0.36%,6.3
rx 7600 xt,45,9127,0.49%,7.56
asus zenbook 14 oled price philippines,45,4357,1.03%,7.15
playstation ph,45,2688,1.67%,5.42
pc shop,45,1832,2.46%,8.93
1tb micro sd,45,1735,2.59%,5.17
rog ally z1 extreme price philippines,45,1664,2.7%,6.42
monitor philippines,45,1000,4.5%,6.43
gaming laptops under 50k,45,762,5.91%,10.54
best gaming laptop 2024 philippines,45,741,6.07%,6.34
beyond itech ventures corporation,45,679,6.63%,3.06
tuf price,45,337,13.35%,3.28
itech ssd,45,226,19.91%,4.81
ryzen 5 5600g build philippines,45,125,36%,1.5
itech coupon code,45,72,62.5%,3.33
ps4 games,44,18929,0.23%,10.43
bluetooth keyboard,44,7462,0.59%,6.88
msi laptop gaming,44,3761,1.17%,23.57
nitro v 15,44,3615,1.22%,7.44
asus gaming laptop price philippines,44,3031,1.45%,7.66
acer nitro v 15 price,44,2445,1.8%,6.84
lenovo gaming laptops,44,1991,2.21%,22.44
nintendo switch oled price in sm,44,1779,2.47%,6.37
asus tuf f15 price,44,1623,2.71%,6.23
ps5 pro philippines price,44,1414,3.11%,6.1
msi laptop philippines,44,1301,3.38%,5.51
budget gaming laptops,44,908,4.85%,7.53
asus tuf a15 4060,44,764,5.76%,7.7
msi claw a8 philippines,44,169,26.04%,5.65
asus tuf gaming prices,44,108,40.74%,2.55
lenovo ideapad slim 3,43,18100,0.24%,9.68
laptop hp,43,5123,0.84%,6.25
samsung t7 shield,43,5095,0.84%,6.5
rog gaming phone,43,4944,0.87%,7.07
rog strix price,43,2621,1.64%,7.03
acer nitro v 16,43,1938,2.22%,7.68
best noise cancelling headset for work,43,1440,2.99%,7.81
psvr2 price,43,774,5.56%,5.01
arc b580 philippines,43,582,7.39%,7.08
building pc,43,525,8.19%,12.41
2tb external ssd,43,464,9.27%,3.78
14-ep0263tu,43,454,9.47%,3.87
ps5 controller 30th anniversary,43,373,11.53%,7.72
ryzen 5 5600g build,43,358,12.01%,4.68
macbook air m2 installment,43,298,14.43%,3.38
pc setup philippines,43,243,17.7%,2.77
ps5 30th anniversary controller philippines,43,140,30.71%,4.17
itech trading,43,85,50.59%,1.76
lenovo legion 5,42,35001,0.12%,9.64
asus rog zephyrus g14 price philippines,42,6247,0.67%,8.04
lenovo loq 15 price philippines,42,5860,0.72%,5.99
asus tuf gaming a15 fa507nur-lp051w,42,1693,2.48%,6.72
50k gaming laptop,42,1683,2.5%,13.59
portable ssd 1tb,42,1630,2.58%,6.33
monitor for sale,42,1538,2.73%,6.92
productivity laptop,42,1345,3.12%,28.39
1tb flash drive,42,1342,3.13%,4.56
hp 14-ep0263tu,42,1040,4.04%,5.17
jbl speaker in philippines price,42,819,5.13%,4.8
asus tuf a15 rtx 4060,42,799,5.26%,7.66
asus tuf a16 fa607nug-rl118wsm,42,684,6.14%,5.06
msi intel core i5,42,657,6.39%,7.9
r51n,42,580,7.24%,3.76
legion go s philippines,42,563,7.46%,6.88
custom gaming pc,42,289,14.53%,7.9
macbook air m1 installment,42,245,17.14%,3.19
acer cons nb al15-41p-r51n,42,220,19.09%,1.8
dualsense 30th anniversary philippines,42,137,30.66%,4.85
iphone 13 pink,41,13047,0.31%,12.11
sd card price,41,9782,0.42%,6.5
ipad 9th generation price philippines,41,9221,0.44%,7.76
asus gaming laptop,41,7817,0.52%,15.15
bluetooth speaker with microphone,41,7076,0.58%,7.69
acer predator,41,6052,0.68%,8.98
rog 9 pro price,41,4536,0.9%,6.94
asus a15,41,4296,0.95%,6.87
acer aspire go 15 price philippines,41,1298,3.16%,6.17
pc build simulator online,41,1053,3.89%,21.59
acer aspire lite 14 i5,41,981,4.18%,6.05
rog xbox ally x,41,905,4.53%,9.75
pc stores,41,665,6.17%,8.76
aspire lite al15-41p-r51n,41,596,6.88%,3.63
hp 15s-fq5346tu,41,498,8.23%,4.47
pcbuild ph,41,331,12.39%,4.87
pc custom build,41,291,14.09%,30.01
best gaming headphones philippines,41,169,24.26%,2.23
steam deck price,40,26866,0.15%,9.11
gigabyte b450m ds3h v3,40,6249,0.64%,5.3
hp laptop 15,40,5335,0.75%,7.19
legion go price philippines,40,5069,0.79%,7.39
keyboard brands,40,4859,0.82%,10.47
vr price philippines,40,4854,0.82%,5.94
wireless keyboard,40,3640,1.1%,7.73
pc builds,40,1942,2.06%,11.05
msi thin a15 b7ucx-084ph specs,40,1405,2.85%,4.7
aoc 22b30hm2,40,1326,3.02%,4.82
gaming laptop deals,40,1212,3.3%,6.26
search laptop by specs,40,1044,3.83%,12.44
best affordable gaming laptop philippines,40,794,5.04%,5.74
itech mouse,40,707,5.66%,2.27
acer nitro v15 rtx 2050 ryzen 5,40,682,5.87%,6.53
msi thin 15 i5 13th gen rtx 4050,40,645,6.2%,7.6
intel b580 philippines,40,485,8.25%,6.78
best noise cancelling headset for work philippines,40,347,11.53%,5.01
asus tuf a15 3050,40,329,12.16%,6.27
msi vector 16 hx ai a2xwhg-218ph,40,187,21.39%,3.64
itech sm city cebu,40,114,35.09%,1.04
pc build calculator philippines,40,76,52.63%,2.17
itech ps5 pro,40,59,67.8%,1.07
ps5 itech,40,56,71.43%,1.27
laptop price,39,45268,0.09%,7.53
mouse,39,45008,0.09%,8.92
jbl bluetooth speaker,39,15930,0.24%,11.85
iphone 13 specs and price philippines,39,5169,0.75%,6.41
xbox series s price philippines,39,4761,0.82%,7.82
rog phone 10,39,3943,0.99%,6.61
acer lite 15,39,1590,2.45%,5.36
msi cyborg 15 a13vek-1050ph,39,1400,2.79%,6.69
msi thin 15 rtx 4050,39,1353,2.88%,6.39
msi thin 15 price,39,1159,3.36%,4.6
prebuilt gaming pc,39,1143,3.41%,15.77
asus tuf gaming a15 fa507nvr-lp037w,39,1115,3.5%,5.99
gaming mousepad,39,1087,3.59%,4.87
cpu builder,39,1009,3.87%,33.63
rog gaming phone price,39,984,3.96%,5.32
hp victus 15 rtx 4050,39,895,4.36%,11.2
gaming keyboard philippines,39,892,4.37%,4.38
tuf a15 price philippines,39,773,5.05%,4.7
cheap msi gaming laptop,39,643,6.07%,36
acer aspire lite 15 al15-41p-r51n,39,591,6.6%,4.21
best headset for work from home philippines,39,257,15.18%,4.49
itech shop,39,221,17.65%,8.68
itech keyboard,39,186,20.97%,3.13
i.tech store,39,48,81.25%,1.31
lenovo loq 15irx9,38,13761,0.28%,10.1
tuf gaming f15,38,5702,0.67%,7.47
samsung 990 pro,38,4257,0.89%,6.31
rog ally z1 extreme,38,3215,1.18%,9.18
acer gaming laptop price philippines,38,2161,1.76%,5.62
nintendo switch ph price,38,2100,1.81%,5.72
asus a16,38,1840,2.07%,6.41
asus tuf dash f15 price,38,1285,2.96%,7.19
msi vector 16 hx,38,689,5.52%,5.1
acer aspire lite 15 ryzen 7 specs,38,574,6.62%,2.97
build a pc website,38,494,7.69%,33.45
msi thin b12uc,38,386,9.84%,4.48
rog asus phone price,38,317,11.99%,3.57
hp 14-ep0263tu specs,38,297,12.79%,3.45
asus tuf gaming a15 rtx 2050,38,243,15.64%,7.04
itech sm cebu contact number,38,82,46.34%,1.63
itech.,38,58,65.52%,3.62
asus vivobook,37,9571,0.39%,8.88
ipad,37,8408,0.44%,15.62
ps5 controller price philippines,37,5573,0.66%,6.67
rog laptop price philippines,37,4315,0.86%,7.91
nintendo price,37,4215,0.88%,5.38
logitech ergonomic mouse,37,3924,0.94%,6.81
ps5 games price,37,3048,1.21%,9.01
best wifi extender philippines,37,2795,1.32%,6.74
msi cyborg 15 a13vf specs,37,2786,1.33%,7.13
rog price,37,2606,1.42%,6.12
gaming laptop philippines price,37,1758,2.1%,7.35
micro sd card price,37,1626,2.28%,4.3
asus tuf fa507nur-lp051w,37,1578,2.34%,6.93
lenovo gaming laptop price philippines,37,1371,2.7%,6.23
cpu build,37,1256,2.95%,19.27
acer aspire go 15 specs,37,880,4.2%,5.67
orico philippines,37,855,4.33%,6.26
ps5 games philippines,37,768,4.82%,6.21
external ssd 1tb price philippines,37,620,5.97%,4.49
macbook air installment,37,604,6.13%,4.97
graphics card philippines,37,402,9.2%,5.99
b580 philippines,37,336,11.01%,7.62
asus vivobook e1504fa-nj389w review,37,232,15.95%,3.08
asus tuf ryzen 7 rtx 2050,37,123,30.08%,3.81
iphone 13 specs,36,20348,0.18%,8.93
iphone 15 plus price philippines,36,17244,0.21%,9.21
speaker with microphone,36,11778,0.31%,9.11
rog strix,36,9034,0.4%,8.41
ps4 controller price,36,5195,0.69%,7.54
airpods pro 3,36,4717,0.76%,9.05
external hard drive 1tb price philippines,36,3037,1.19%,5.84
best headset with noise cancelling microphone,36,2104,1.71%,7.93
fa507nur-lp051w,36,1840,1.96%,6.83
external ssd price philippines,36,1133,3.18%,5.1
msi thin 15 b12ucx specs,36,833,4.32%,5.68
ssd external hard drive 1tb price philippines,36,752,4.79%,4.29
rog phone price in philippines,36,552,6.52%,4.52
acer r51n,36,479,7.52%,2.77
online pc store philippines,36,418,8.61%,6.89
acer nitro v 16 anv16-71-524u,36,333,10.81%,4.51
budget gaming laptops philippines,36,299,12.04%,4.97
1tb flash drive price philippines,36,260,13.85%,2.7
msi vector 16 hx ai 5070 ti,36,249,14.46%,5.76
pc build with price,36,85,42.35%,9.18
playstation by itech,36,60,60%,1.13
switch,35,52470,0.07%,8.25
wifi extender,35,21108,0.17%,8.66
jbl speakers price,35,7032,0.5%,10.25
playstation store philippines,35,5001,0.7%,9.06
asus rog strix,35,4600,0.76%,8.79
iphone 14 philippines,35,3791,0.92%,11.43
asus tuff,35,3460,1.01%,5.73
rx 7600 price philippines,35,2873,1.22%,6.98
laptop for gaming and school,35,2667,1.31%,6.51
amd laptop,35,2273,1.54%,7.1
asus tuf ryzen 7,35,1573,2.23%,8.88
where to buy nintendo switch philippines,35,1455,2.41%,7.4
chromecast philippines,35,845,4.14%,5.14
affordable gaming laptops,35,833,4.2%,6.83
asus tuf a15 ryzen 7 rtx 4050,35,745,4.7%,6.03
asus tuf a16 ryzen 7,35,658,5.32%,4.17
hp 14-ep0247tu,35,655,5.34%,4.94
msi thin gaming laptop,35,575,6.09%,20.64
pre build pc,35,573,6.11%,8.56
msi thin a15 price,35,568,6.16%,3.89
coolman spectra m-atx case,35,509,6.88%,4.09
pc store ph,35,435,8.05%,7.97
google chromecast philippines,35,407,8.6%,5.16
acer aspire al15-41p-r51n,35,340,10.29%,2.49
best mid range gaming laptop philippines,35,304,11.51%,5.12
ipad 10th generation,34,58549,0.06%,10.02
usb flash drive,34,14470,0.23%,7.36
jbl speaker with microphone,34,14308,0.24%,8.3
pc setup,34,6077,0.56%,7.85
asus laptops,34,3872,0.88%,8.47
rx 7800 xt price philippines,34,3305,1.03%,7.62
macbook air philippines,34,2831,1.2%,10.04
mechanical keyboards,34,2010,1.69%,5.52
msi a15,34,1922,1.77%,6.76
ryzen 9 laptop,34,1475,2.31%,8.39
laptops philippines,34,1332,2.55%,9.98
thin gaming laptop,34,1304,2.61%,12.8
rog phone 10 pro price philippines,34,1224,2.78%,6.63
desktop builder,34,1224,2.78%,47.96
best affordable gaming laptop,34,1202,2.83%,8.51
asus rog 9 price,34,974,3.49%,5.51
rtx 4060 laptop price philippines,34,971,3.5%,7.94
msi thin 15 b13uc,34,801,4.24%,6.94
asus tuf ph,34,444,7.66%,3.57
1 terabyte flash drive price in philippines,34,290,11.72%,3.76
asus tuf philippines price,34,187,18.18%,2.66
ps5 cebu,34,186,18.28%,3.99
find a laptop by specs,34,171,19.88%,14.05
xbox series x ph,34,117,29.06%,6.69
i.tech ph,34,50,68%,1
motherboard,33,41964,0.08%,8.98
iphone 13 price,33,25897,0.13%,11.85
ipad 10th generation price,33,13417,0.25%,9.42
ipad 10th gen price philippines,33,12924,0.26%,9.32
rx 6600 price philippines,33,11791,0.28%,9.41
rx 7600,33,8516,0.39%,7.24
bluetooth speaker with wireless microphone,33,4492,0.73%,7.22
ryzen 5 5600g integrated graphics,33,4177,0.79%,7.36
nintendo switch 1 price philippines,33,4169,0.79%,7.02
ipad philippines,33,3980,0.83%,14.42
noise cancelling headset with mic,33,3783,0.87%,7.42
keyboard mechanical,33,2337,1.41%,5.91
nba 2k25 ps4,33,1715,1.92%,7.82
1tb usb,33,1714,1.93%,4.71
e1504fa-nj1528wsm,33,1538,2.15%,6.58
secure ups 1000va,33,1348,2.45%,5.44
msi claw price philippines,33,899,3.67%,4.41
asus tuf a15 fa507nvr-lp037w,33,810,4.07%,5.73
gaming mouse philippines,33,697,4.73%,5.66
gaming desktop philippines,33,662,4.98%,9.51
hp victus 15 fa1447tx,33,553,5.97%,5.75
ryzen 7 gaming laptop,33,494,6.68%,15.14
gaming laptop under 50k philippines,33,440,7.5%,7.13
pc part picker ph,33,409,8.07%,6
acer aspire lite al15 41p r51n,33,365,9.04%,3.96
itech store near me,33,329,10.03%,6.98
awd ups 1000va,33,248,13.31%,2.25
hp victus 15 i5 12th generation rtx 4050,33,194,17.01%,4.29
itrch,33,107,30.84%,6.73
predator laptop price,32,15512,0.21%,9
how much is a nintendo switch,32,7722,0.41%,5.02
ram for laptop,32,5306,0.6%,8.58
asus vivobook go 15 price philippines,32,4313,0.74%,8.03
rog latest phone,32,4181,0.77%,6.04
rog 10 pro,32,3926,0.82%,6.96
ps5 games price philippines,32,2578,1.24%,6.51
best wireless gaming headset,32,2454,1.3%,5.84
msi pro mp251l e2,32,2142,1.49%,6.74
keyboard gaming,32,2039,1.57%,7.98
cyborg 15 a13v specs,32,1661,1.93%,6.42
sandisk micro sd card,32,1610,1.99%,4.72
asus mobile,32,1601,2%,6.24
lenovo loq 83gs002aph,32,639,5.01%,4.85
wireless gaming keyboard,32,607,5.27%,6.05
msi laptops philippines,32,592,5.41%,4.73
best gaming laptop under 50k philippines,32,581,5.51%,6.74
how much does it cost to build a pc in philippines,32,580,5.52%,4.32
best cheap gaming laptop philippines,32,542,5.9%,6.14
built pc,32,393,8.14%,13.2
gaming pc builder,32,383,8.36%,38.57
gaming laptop deals philippines,32,218,14.68%,5.33
jbl philippines,31,34735,0.09%,7.53
chromecast,31,19786,0.16%,6.63
iphone 15 black,31,11689,0.27%,4.66
meta quest 3,31,6828,0.45%,8.3
google chromecast,31,6020,0.51%,8.04
nintendo switch console,31,5740,0.54%,6.02
jbl speaker original,31,5263,0.59%,7.37
jbl party box price philippines,31,4311,0.72%,7.82
predator gaming laptop,31,4035,0.77%,7.23
playstation portal price philippines,31,3680,0.84%,6.44
nintendo price philippines,31,3309,0.94%,5.81
sandisk sd card,31,3016,1.03%,7.39
laptop for teachers,31,1215,2.55%,18.01
asus tuf a16 advantage edition,31,1077,2.88%,9.93
external hard drive 2tb price philippines,31,1028,3.02%,6.31
mechanical keyboard price philippines,31,994,3.12%,4.36
pcpartpicker philippines,31,969,3.2%,6.52
budget friendly gaming laptop,31,903,3.43%,7.24
msi thin 15 b13uc-2438ph,31,802,3.87%,4.69
prebuilt gaming pc philippines,31,733,4.23%,7.78
9800x3d philippines,31,645,4.81%,7.52
gaming laptop under 50k philippines 2025,31,639,4.85%,7.52
msi thin a15 ryzen 5 7535hs rtx 2050,31,519,5.97%,7.85
legion 5 16irx9 specs,31,505,6.14%,4.63
asus tuf a15 ryzen 7 rtx 4060,31,483,6.42%,6.7
asus rog phone philippines,31,468,6.62%,5.92
9060 xt philippines,31,451,6.87%,8.51
2tb external ssd price philippines,31,379,8.18%,3.21
budget gaming laptop ph,31,172,18.02%,4.6
asus tuf a15 ryzen 7 7435hs rtx 2050,31,148,20.95%,5.86
asus tuf gaming f16 (2024) price philippines,31,114,27.19%,2.42
itech philippines store,31,76,40.79%,1.58
iphone 15 128gb price philippines,30,22512,0.13%,7.44
legion laptop,30,10362,0.29%,10.35
ipad 9th gen,30,7169,0.42%,10.88
xbox price philippines,30,5616,0.53%,7.99
mousepad,30,4336,0.69%,6.94
asus rog phone 9 price philippines,30,3808,0.79%,7.03
lenovo legion laptop,30,2810,1.07%,9.77
switch nintendo price,30,2345,1.28%,5.96
online gadget store philippines,30,1889,1.59%,10.3
hp laptop price philippines 2024,30,1459,2.06%,5.26
1 tb sd card,30,1399,2.14%,5.01
lenovo loq gaming laptop,30,1212,2.48%,4.91
asus tuf a15 fa507nur-lp051w,30,1114,2.69%,7.13
budget laptop for gaming,30,964,3.11%,7.87
playstation 5 pro price philippines,30,962,3.12%,6.33
lian li vector v100,30,480,6.25%,5.47
is itech philippines legit,30,470,6.38%,3.65
asus rog ally x philippines,30,453,6.62%,7.42
macbook installment philippines,30,366,8.2%,3.98
sd card philippines,30,347,8.65%,3.67
msi katana 15 b12udxk-1826ph,30,306,9.8%,3.58
best laptop for teachers philippines,30,263,11.41%,4.62
pc shop ph,30,256,11.72%,6.89
awp ups 1000va manual,30,248,12.1%,4.05
msi claw philippines,30,230,13.04%,4.69
msi 16gb ram laptop,30,180,16.67%,7.41
buildcores philippines,30,62,48.39%,2.53
itech psu,30,42,71.43%,1.48
midnight iphone 13,29,19869,0.15%,3.41